domain,dataset,required_fields,preferred_history,update_frequency,can_api,notes
산업활동,KOSIS 생산·출하·재고,"date, industry_code, industry_name, production_index, shipment_index, inventory_index, unit, vintage_date",60~120개월,월,Yes,현재 업로드된 산업사이클 앱이 API로 처리
산업활동,KOSIS 생산능력·가동률,"date, industry_code, industry_name, capacity_index, utilization_index, avg_utilization_pct, unit, vintage_date",60~120개월,월,Yes/표확인필요,생산/생산능력 비율과 공식 가동률을 구분
수출,관세청 HS×국가 월별,"date, hs_code, country_code, export_usd, export_weight_kg, revision_date",36~60개월,월,Yes,연결 완료: 추적국가 자동 upsert
수출,관세청 총수출 월별,"date, export_usd, import_usd, trade_balance_usd, revision_date",60~120개월,월,Yes,산업합계 QC용
수출,KITA MTI-HSK 연계표,"effective_from, mti_code, mti_name, hsk_code, mapping_version",버전별,개정시,보통 수동/파일,2026 매핑 8178개 HSK 연결 완료; 연도별 버전 관리
수출,HSK 코드 마스터,"effective_year, hsk_code, korean_name, english_name, unit",연도별,연 1회,파일/API,HS 개정에 따른 코드 단절 관리
시장수급,KRX 종목별 투자자 수급,"date, security_id, investor_type, buy_value, sell_value, net_value, volume",3~5년,일,소스별 상이,향후 add-in용 표준 스키마
시장가격,주가/지수/거래대금,"date, security_id, close, return_1d, volume, turnover",3~10년,일,소스별 상이,수급과 동일 security_id 사용
기업,산업/품목-종목 Exposure Map,"security_id, ksic_code, export_item, revenue_exposure, effective_from, source",최근+변경이력,분기/수시,대부분 수동,Macro→Micro 연결의 핵심 마스터
